<?xml version="1.0" encoding="UTF-8"?>
<instant>
  <Main x="2847" y="461" w="1392" h="849" current-tab="mixer"/>
  <Editor id="41" edit-horizontal-pane-pos="0.79940122365951538" notebook-shrunk="0" edit-vertical-pane-pos="0.89999997615814209" mixer-width="Wide" zoom-focus="ZoomFocusPlayhead" zoom="6156" snap-to="SnapToBeat" snap-mode="SnapOff" internal-snap-to="SnapToBeat" internal-snap-mode="SnapOff" pre-internal-snap-to="SnapToBeat" pre-internal-snap-mode="SnapOff" edit-point="EditAtMouse" visible-track-count="-1" playhead="9019136" left-frame="0" y-origin="0" show-measures="1" maximised="0" follow-playhead="1" stationary-playhead="0" region-list-sort-type="ByEndInFile" mouse-mode="MouseObject" join-object-range="0" show-editor-mixer="1" show-editor-list="1" editor-list-page="0" show-marker-lines="0" nudge-clock-value="220500">
    <Window name="Editor" visible="0" x-off="-1" y-off="-1" x-size="-1" y-size="-1" tabbed="1"/>
    <Buttons>
      <Press/>
      <Release/>
    </Buttons>
    <Selection>
      <StripableView id="54"/>
    </Selection>
    <RegionList sort-type="ByEndInFile" sort-ascending="1" show-all="0" show-automatic-regions="1"/>
    <ActionScript lua="Lua 5.3">c2NyaXB0cyA9IHt9IA==</ActionScript>
    <ActionHooks/>
    <EditorLocations clock-mode="BBT"/>
  </Editor>
  <Mixer mixer-rhs-pane1-pos="0.60000002384185791" mixer-rhs_pane2-pos="0.69999998807907104" mixer-list-hpane-pos="0.099137932062149048" mixer-inner-pane-pos="0.79820626974105835" narrow-strips="0" show-mixer="0" show-mixer-list="1" maximised="0" monitor-section-visible="0">
    <Window name="Mixer" visible="0" x-off="-1" y-off="-1" x-size="-1" y-size="-1" tabbed="1"/>
    <PluginOrder/>
  </Mixer>
  <Preferences>
    <Window name="Preferences" visible="0" x-off="-1" y-off="-1" x-size="-1" y-size="-1" tabbed="1"/>
  </Preferences>
  <Meterbridge show-meterbridge="0">
    <geometry x-size="600" y-size="400" x-pos="1" y-pos="1"/>
  </Meterbridge>
</instant>
