<?xml version="1.0" encoding="UTF-8"?>
<instant>
  <Main x="15" y="639" w="1324" h="762" current-tab="mixer"/>
  <Mixer mixer-rhs-pane1-pos="0.60000002384185791" mixer-rhs_pane2-pos="0.69999998807907104" mixer-list-hpane-pos="0.12197393178939819" mixer-inner-pane-pos="0.80000001192092896" narrow-strips="0" show-mixer="0" maximised="0" show-mixer-list="1" monitor-section-visible="1" foldback-strip-visible="1" show-vca-pane="1">
    <Window name="Mixer" visible="0" x-off="-1" y-off="-1" x-size="-1" y-size="-1" tabbed="1"/>
  </Mixer>
  <Preferences>
    <Window name="Preferences" visible="0" x-off="0" y-off="0" x-size="1318" y-size="714" tabbed="0"/>
  </Preferences>
  <Meterbridge show-meterbridge="0">
    <geometry x-size="600" y-size="400" x-pos="1" y-pos="1"/>
  </Meterbridge>
  <Editor id="41" edit-horizontal-pane-pos="0.89999997615814209" notebook-shrunk="0" edit-vertical-pane-pos="0.89999997615814209" mixer-width="Wide" zoom-focus="ZoomFocusPlayhead" zoom="24624" grid-type="GridTypeNone" snap-mode="SnapOff" internal-grid-type="GridTypeBeat" internal-snap-mode="SnapOff" pre-internal-grid-type="GridTypeNone" pre-internal-snap-mode="SnapOff" edit-point="EditAtMouse" visible-track-count="-1" playhead="0" left-frame="5202896" y-origin="0" maximised="0" follow-playhead="1" stationary-playhead="0" mouse-mode="MouseObject" join-object-range="0" show-editor-mixer="1" show-editor-list="1" editor-list-page="0" show-marker-lines="0" nudge-clock-value="220500">
    <Window name="Editor" visible="0" x-off="-1" y-off="-1" x-size="-1" y-size="-1" tabbed="1"/>
    <Buttons>
      <Press/>
      <Release/>
    </Buttons>
    <Selection>
      <StripableView id="15833"/>
    </Selection>
    <RegionList/>
    <EditorLocations clock-mode="BBT"/>
  </Editor>
</instant>
